town_name,town_slug,city_slug
"Ayub Medical Complex Area","ayub-medical-complex-area","abbottabad"
"Cantt Area","cantt-area","abbottabad"
"Dhamtour","dhamtour","abbottabad"
"Havelian","havelian","abbottabad"
"Jhangi Syedan","jhangi-syedan","abbottabad"
"Jhangira","jhangira","abbottabad"
"Jinnahabad","jinnahabad","abbottabad"
"Kakul","kakul","abbottabad"
"Kunj","kunj","abbottabad"
"Malik Pura","malik-pura","abbottabad"
"Mandian","mandian","abbottabad"
"Mansehra Road","mansehra-road","abbottabad"
"Medical Colony","medical-colony","abbottabad"
"Mirpur","mirpur","abbottabad"
"Muslim Town","muslim-town","abbottabad"
"Nawan Shehr","nawan-shehr","abbottabad"
"Nawanshahr","nawanshahr","abbottabad"
"PMA Area","pma-area","abbottabad"
"Saddar","saddar","abbottabad"
"Supply Bazaar","supply-bazaar","abbottabad"
"Astore Bazaar","astore-bazaar","astore"
"Burzil","burzil","astore"
"Chilim","chilim","astore"
"Deosai Road","deosai-road","astore"
"Domail","domail","astore"
"Fairy Meadows","fairy-meadows","astore"
"Gilgit Road","gilgit-road","astore"
"Godai","godai","astore"
"KKH Junction","kkh-junction","astore"
"Lower Astore","lower-astore","astore"
"Main Valley","main-valley","astore"
"Minimarg","minimarg","astore"
"Nanga Parbat Base","nanga-parbat-base","astore"
"New Town","new-town","astore"
"Old Town","old-town","astore"
"Rama","rama","astore"
"Rattu","rattu","astore"
"Rupal","rupal","astore"
"Tarishing","tarishing","astore"
"Upper Astore","upper-astore","astore"
"Barotha","barotha","attock"
"Basal","basal","attock"
"Civil Lines","civil-lines","attock"
"Dhurnal","dhurnal","attock"
"Fateh Jang","fateh-jang","attock"
"Gondal","gondal","attock"
"GT Road","gt-road","attock"
"Hassan Abdal","hassan-abdal","attock"
"Hazro","hazro","attock"
"Islamabad Road","islamabad-road","attock"
"Jand","jand","attock"
"Kamra","kamra","attock"
"Lawrencepur","lawrencepur","attock"
"Main Bazaar","main-bazaar","attock"
"Makhad","makhad","attock"
"Model Town","model-town","attock"
"Pindi Gheb","pindi-gheb","attock"
"Saddar","saddar","attock"
"Shinka","shinka","attock"
"Waisa","waisa","attock"
"Bela Road","bela-road","awaran"
"City Area","city-area","awaran"
"Civil Lines","civil-lines","awaran"
"Gidar","gidar","awaran"
"Gishkaur","gishkaur","awaran"
"Hospital Road","hospital-road","awaran"
"Hub Road","hub-road","awaran"
"Jhal Jhao","jhal-jhao","awaran"
"Khuzdar Road","khuzdar-road","awaran"
"Kolwah","kolwah","awaran"
"Korak","korak","awaran"
"Main Bazaar","main-bazaar","awaran"
"Mashkai","mashkai","awaran"
"Mining Area","mining-area","awaran"
"Nall Road","nall-road","awaran"
"New Town","new-town","awaran"
"Old Town","old-town","awaran"
"Ornach Road","ornach-road","awaran"
"Saddar Bazaar","saddar-bazaar","awaran"
"Turbat Road","turbat-road","awaran"
"Badin City","badin-city","badin"
"Civil Lines","civil-lines","badin"
"Golarchi","golarchi","badin"
"Hyderabad Road","hyderabad-road","badin"
"Kadhan","kadhan","badin"
"Kario Ghanwar","kario-ghanwar","badin"
"Khoski","khoski","badin"
"Matli","matli","badin"
"New Town","new-town","badin"
"Old Town","old-town","badin"
"Pangrio","pangrio","badin"
"Railway Road","railway-road","badin"
"Saddar Bazaar","saddar-bazaar","badin"
"Shaheed Fazil Rahu","shaheed-fazil-rahu","badin"
"Station Road","station-road","badin"
"Talhar","talhar","badin"
"Tando Bago","tando-bago","badin"
"Tando Ghulam Ali","tando-ghulam-ali","badin"
"Tando Ghulam Hyder","tando-ghulam-hyder","badin"
"Tando Muhammad Khan Road","tando-muhammad-khan-road","badin"
"Birpani","birpani","bagh"
"Chambi","chambi","bagh"
"City Area","city-area","bagh"
"Civil Lines","civil-lines","bagh"
"Dhirkot","dhirkot","bagh"
"Goi","goi","bagh"
"Harighal","harighal","bagh"
"Hospital Road","hospital-road","bagh"
"Kohala Road","kohala-road","bagh"
"Leepa Valley","leepa-valley","bagh"
"Main Bazaar","main-bazaar","bagh"
"Mallot","mallot","bagh"
"Muzaffarabad Road","muzaffarabad-road","bagh"
"Neelum Road","neelum-road","bagh"
"New Town","new-town","bagh"
"Old Town","old-town","bagh"
"Rawalakot Road","rawalakot-road","bagh"
"Rera","rera","bagh"
"Saddar Bazaar","saddar-bazaar","bagh"
"Sudhan Gali","sudhan-gali","bagh"
"Adda Bodla Road","adda-bodla-road","bahawalnagar"
"Bahawalpur Road","bahawalpur-road","bahawalnagar"
"Chak No. 107/10-R","chak-no-10710-r","bahawalnagar"
"Chak No. 89/BC","chak-no-89bc","bahawalnagar"
"Chishtian","chishtian","bahawalnagar"
"Chor","chor","bahawalnagar"
"Civil Lines","civil-lines","bahawalnagar"
"Dahranwala","dahranwala","bahawalnagar"
"Donga Bonga","donga-bonga","bahawalnagar"
"Fort Abbas","fort-abbas","bahawalnagar"
"Haroonabad","haroonabad","bahawalnagar"
"Marot","marot","bahawalnagar"
"Minchinabad","minchinabad","bahawalnagar"
"Model Town","model-town","bahawalnagar"
"Multan Road","multan-road","bahawalnagar"
"Qaim Pur","qaim-pur","bahawalnagar"
"Qila Derawar","qila-derawar","bahawalnagar"
"Railway Road","railway-road","bahawalnagar"
"Saddar Bazaar","saddar-bazaar","bahawalnagar"
"Satellite Town","satellite-town","bahawalnagar"
"Ahmad Pur East","ahmad-pur-east","bahawalpur"
"Allama Iqbal Town","allama-iqbal-town","bahawalpur"
"Baghdad-ul-Jadeed","baghdad-ul-jadeed","bahawalpur"
"Cantt","bahawalpur-cantt","bahawalpur"
"Cantt Area","cantt-area","bahawalpur"
"Cholistan","cholistan","bahawalpur"
"Circular Road","circular-road","bahawalpur"
"Derbar Mahal","derbar-mahal","bahawalpur"
"Farid Gate","farid-gate","bahawalpur"
"Hasilpur","hasilpur","bahawalpur"
"Jamia Masjid Road","jamia-masjid-road","bahawalpur"
"Khawaja Fareed Road","khawaja-fareed-road","bahawalpur"
"Model Town","bahawalpur-model-town","bahawalpur"
"Model Town A","model-town-a","bahawalpur"
"Model Town B","model-town-b","bahawalpur"
"Muhajir Colony","muhajir-colony","bahawalpur"
"Multan Road","multan-road","bahawalpur"
"Noor Mahal Area","noor-mahal-area","bahawalpur"
"Railway Road","railway-road","bahawalpur"
"Saddar Bazaar","saddar-bazaar","bahawalpur"
"Satellite Town","satellite-town","bahawalpur"
"University Chowk","university-chowk","bahawalpur"
"Yazman","yazman","bahawalpur"
"Baka Khel","baka-khel","bannu"
"Cantt","cantt","bannu"
"City Area","city-area","bannu"
"Civil Lines","civil-lines","bannu"
"Domail","domail","bannu"
"Ghoriwala","ghoriwala","bannu"
"Haved Khel","haved-khel","bannu"
"Haveli Umra Khan","haveli-umra-khan","bannu"
"Hospital Road","hospital-road","bannu"
"Janikhel","janikhel","bannu"
"Kakki","kakki","bannu"
"Kohat Road","kohat-road","bannu"
"Lakki Road","lakki-road","bannu"
"Miranshah Road","miranshah-road","bannu"
"Muhammad Khel","muhammad-khel","bannu"
"Old City","old-city","bannu"
"Railway Road","railway-road","bannu"
"Saddar Bazaar","saddar-bazaar","bannu"
"Township","township","bannu"
"Wazir Bagh","wazir-bagh","bannu"
"Basti Lal","basti-lal","bhakkar"
"Behal","behal","bhakkar"
"Chak 42/TDA","chak-42tda","bhakkar"
"Chak 73/TDA","chak-73tda","bhakkar"
"Civil Lines","civil-lines","bhakkar"
"Darya Khan","darya-khan","bhakkar"
"Duleywala","duleywala","bhakkar"
"Dunga Bunga","dunga-bunga","bhakkar"
"Hyder Abad","hyder-abad","bhakkar"
"Jhang Road","jhang-road","bhakkar"
"Kallurkot","kallurkot","bhakkar"
"Kot Chutta","kot-chutta","bhakkar"
"Kundian Road","kundian-road","bhakkar"
"Mankera","mankera","bhakkar"
"Mianwali Road","mianwali-road","bhakkar"
"Model Town","model-town","bhakkar"
"Nawan Jandanwala","nawan-jandanwala","bhakkar"
"Piplan","piplan","bhakkar"
"Saddar Bazaar","saddar-bazaar","bhakkar"
"Satellite Town","satellite-town","bhakkar"
"Chak No. 27/WB","chak-no-27wb","burewala"
"Chak No. 86/WB","chak-no-86wb","burewala"
"Chowk Dera","chowk-dera","burewala"
"Civil Lines","civil-lines","burewala"
"Gaggo Mandi","gaggo-mandi","burewala"
"Luddan Road","luddan-road","burewala"
"Mailsi Road","mailsi-road","burewala"
"Model Town","model-town","burewala"
"Mohalla Mughalabad","mohalla-mughalabad","burewala"
"Mohalla Qasimabad","mohalla-qasimabad","burewala"
"Multan Road","multan-road","burewala"
"Railway Road","railway-road","burewala"
"Saddar Bazaar","saddar-bazaar","burewala"
"Satellite Town","satellite-town","burewala"
"Vehari Road","vehari-road","burewala"
"Balkassar","balkassar","chakwal"
"Bhagwal","bhagwal","chakwal"
"Bhaun","bhaun","chakwal"
"Choa Saidan Shah","choa-saidan-shah","chakwal"
"Civil Lines","civil-lines","chakwal"
"Danda Shah Bilawal","danda-shah-bilawal","chakwal"
"Dhudial","dhudial","chakwal"
"Jhelum Road","jhelum-road","chakwal"
"Kalar Kahar Road","kalar-kahar-road","chakwal"
"Kallar Kahar","kallar-kahar","chakwal"
"Lawa","lawa","chakwal"
"Mianwali Road","mianwali-road","chakwal"
"Model Town","model-town","chakwal"
"Mulhal Mughalan","mulhal-mughalan","chakwal"
"Pindi Road","pindi-road","chakwal"
"Saddar Bazaar","saddar-bazaar","chakwal"
"Sarkal","sarkal","chakwal"
"Satellite Town","satellite-town","chakwal"
"Talagang","talagang","chakwal"
"Tamman","tamman","chakwal"
"Afghan Border","afghan-border","chaman"
"Boghra Road","boghra-road","chaman"
"Border Area","border-area","chaman"
"Chaman City","chaman-city","chaman"
"City Area","city-area","chaman"
"Civil Lines","civil-lines","chaman"
"Dobandi","dobandi","chaman"
"Frontier Road","frontier-road","chaman"
"Gulistan","gulistan","chaman"
"Hotel Road","hotel-road","chaman"
"Killa Abdullah","killa-abdullah","chaman"
"Main Bazaar","main-bazaar","chaman"
"Mall Road","mall-road","chaman"
"Muhammad Khel","muhammad-khel","chaman"
"New Town","new-town","chaman"
"Old Town","old-town","chaman"
"Railway Station","railway-station","chaman"
"Saddar Bazaar","saddar-bazaar","chaman"
"Spin Boldak Road","spin-boldak-road","chaman"
"Taj Road","taj-road","chaman"
"Daudzai","daudzai","charsadda"
"Dhaki","dhaki","charsadda"
"Dheri Zardad","dheri-zardad","charsadda"
"Farooq Azam","farooq-azam","charsadda"
"GT Road","gt-road","charsadda"
"Khazana","khazana","charsadda"
"Mandani","mandani","charsadda"
"Mardan Road","mardan-road","charsadda"
"Nisatta","nisatta","charsadda"
"Peshawar Road","peshawar-road","charsadda"
"Prang","prang","charsadda"
"Rajar","rajar","charsadda"
"Rajjar","rajjar","charsadda"
"Saddar Bazaar","saddar-bazaar","charsadda"
"Sardheri","sardheri","charsadda"
"Shabqadar","shabqadar","charsadda"
"Tangi","tangi","charsadda"
"Tarnab","tarnab","charsadda"
"Umarzai","umarzai","charsadda"
"Utmanzai","utmanzai","charsadda"
"Ahmad Pur Sial Road","ahmad-pur-sial-road","chiniot"
"Badiana","badiana","chiniot"
"Bazar Nawabpura","bazar-nawabpura","chiniot"
"Bhawana City","bhawana-city","chiniot"
"Bhowana","bhowana","chiniot"
"Chenab Nagar","chenab-nagar","chiniot"
"Circular Road","circular-road","chiniot"
"Civil Lines","civil-lines","chiniot"
"Faisalabad Road","faisalabad-road","chiniot"
"Jhang Road","jhang-road","chiniot"
"Kachi Kotli","kachi-kotli","chiniot"
"Kot Rajkour","kot-rajkour","chiniot"
"Lalian","lalian","chiniot"
"Main Chowk","main-chowk","chiniot"
"Mochiwala","mochiwala","chiniot"
"Model Town","model-town","chiniot"
"Mohallah Darwesh","mohallah-darwesh","chiniot"
"Railway Road","railway-road","chiniot"
"Saddar Bazaar","saddar-bazaar","chiniot"
"Satellite Town","satellite-town","chiniot"
"Ali Goharabad","ali-goharabad","dadu"
"Bhan Saeedabad","bhan-saeedabad","dadu"
"Civil Lines","civil-lines","dadu"
"Darya Khan Mari","darya-khan-mari","dadu"
"Drigh Bala","drigh-bala","dadu"
"Fareedabad","fareedabad","dadu"
"Hyderabad Road","hyderabad-road","dadu"
"Indus Highway","indus-highway","dadu"
"Johi","johi","dadu"
"Khairpur Nathan Shah","khairpur-nathan-shah","dadu"
"KN Shah","kn-shah","dadu"
"Larkana Road","larkana-road","dadu"
"Manjhand","manjhand","dadu"
"Mehar","mehar","dadu"
"Phulji","phulji","dadu"
"Radhan","radhan","dadu"
"Saddar Bazaar","saddar-bazaar","dadu"
"Sehwan Sharif","sehwan-sharif","dadu"
"Sita Road","sita-road","dadu"
"Wahi Pandi","wahi-pandi","dadu"
"Ahmad Pur Lamma","ahmad-pur-lamma","dera-ghazi-khan"
"Choti Zareen","choti-zareen","dera-ghazi-khan"
"Chowk Abadi","chowk-abadi","dera-ghazi-khan"
"Chowk Qureshi","chowk-qureshi","dera-ghazi-khan"
"Civil Lines","civil-lines","dera-ghazi-khan"
"Fazilpur","fazilpur","dera-ghazi-khan"
"Fort Munro","fort-munro","dera-ghazi-khan"
"Jampur","jampur","dera-ghazi-khan"
"Kala Bagh","kala-bagh","dera-ghazi-khan"
"Kot Chutta","kot-chutta","dera-ghazi-khan"
"Model Town","model-town","dera-ghazi-khan"
"Moza Kot Mithan","moza-kot-mithan","dera-ghazi-khan"
"Multan Road","multan-road","dera-ghazi-khan"
"Rajanpur","rajanpur","dera-ghazi-khan"
"Saddar Bazaar","saddar-bazaar","dera-ghazi-khan"
"Sakhi Sarwar","sakhi-sarwar","dera-ghazi-khan"
"Satellite Town","satellite-town","dera-ghazi-khan"
"Taunsa","taunsa","dera-ghazi-khan"
"Tribal Area","tribal-area","dera-ghazi-khan"
"Vehova","vehova","dera-ghazi-khan"
"Bannu Road","bannu-road","dera-ismail-khan"
"Cantt","cantt","dera-ismail-khan"
"Circular Road","circular-road","dera-ismail-khan"
"City Area","city-area","dera-ismail-khan"
"Civil Lines","civil-lines","dera-ismail-khan"
"Darazinda","darazinda","dera-ismail-khan"
"Draban","draban","dera-ismail-khan"
"Gomal University Area","gomal-university-area","dera-ismail-khan"
"Hospital Road","hospital-road","dera-ismail-khan"
"Industrial Area","industrial-area","dera-ismail-khan"
"Kulachi","kulachi","dera-ismail-khan"
"Old City","old-city","dera-ismail-khan"
"Paharpur","paharpur","dera-ismail-khan"
"Parowa","parowa","dera-ismail-khan"
"Police Line Road","police-line-road","dera-ismail-khan"
"Ratta Kulachi","ratta-kulachi","dera-ismail-khan"
"Saddar Bazaar","saddar-bazaar","dera-ismail-khan"
"Tank Road","tank-road","dera-ismail-khan"
"Township","township","dera-ismail-khan"
"Zhob Road","zhob-road","dera-ismail-khan"
"Agricultural Area","agricultural-area","dera-murad-jamali"
"Baba Kot","baba-kot","dera-murad-jamali"
"Bolan Road","bolan-road","dera-murad-jamali"
"Cantt Area","cantt-area","dera-murad-jamali"
"City Area","city-area","dera-murad-jamali"
"Civil Lines","civil-lines","dera-murad-jamali"
"Gandawa","gandawa","dera-murad-jamali"
"Hospital Road","hospital-road","dera-murad-jamali"
"Jhatpat","jhatpat","dera-murad-jamali"
"Kachhi","kachhi","dera-murad-jamali"
"Main Bazaar","main-bazaar","dera-murad-jamali"
"Miro Khan","miro-khan","dera-murad-jamali"
"New Town","new-town","dera-murad-jamali"
"Old Town","old-town","dera-murad-jamali"
"Pat Feeder","pat-feeder","dera-murad-jamali"
"Quetta Road","quetta-road","dera-murad-jamali"
"Railway Station","railway-station","dera-murad-jamali"
"Saddar Bazaar","saddar-bazaar","dera-murad-jamali"
"Sibi Road","sibi-road","dera-murad-jamali"
"Sohbatpur","sohbatpur","dera-murad-jamali"
"D Ground","faisalabad-d-ground","faisalabad"
"Jaranwala Road","faisalabad-jaranwala-road","faisalabad"
"Satiana Road","faisalabad-satiana-road","faisalabad"
"Adilpur","adilpur","ghotki"
"Begum Colony","begum-colony","ghotki"
"Civil Lines","civil-lines","ghotki"
"Daharki","daharki","ghotki"
"Dharampur","dharampur","ghotki"
"Jarwar","jarwar","ghotki"
"Kacha Area","kacha-area","ghotki"
"Khan Muhammad Colony","khan-muhammad-colony","ghotki"
"Khangarh","khangarh","ghotki"
"Mirpur Mathelo","mirpur-mathelo","ghotki"
"Mohalla Brahman","mohalla-brahman","ghotki"
"National Highway","national-highway","ghotki"
"New Ghotki","new-ghotki","ghotki"
"Old Ghotki","old-ghotki","ghotki"
"Railway Station","railway-station","ghotki"
"Rojhan Jamali","rojhan-jamali","ghotki"
"Saddar Bazaar","saddar-bazaar","ghotki"
"Sangi","sangi","ghotki"
"Sukkur Road","sukkur-road","ghotki"
"Ubauro","ubauro","ghotki"
"Airport Road","airport-road","gilgit"
"Amphri","amphri","gilgit"
"Bank Road","bank-road","gilgit"
"Barmas","barmas","gilgit"
"Baseen","baseen","gilgit"
"City Area","city-area","gilgit"
"Danyor","danyor","gilgit"
"Faizabad","faizabad","gilgit"
"Jinnah Road","jinnah-road","gilgit"
"Jutial","jutial","gilgit"
"Kashrote","kashrote","gilgit"
"KKH","kkh","gilgit"
"Konodas","konodas","gilgit"
"Old Town","old-town","gilgit"
"Oshikandass","oshikandass","gilgit"
"Rahimabad","rahimabad","gilgit"
"Saddar Bazaar","saddar-bazaar","gilgit"
"Serena Road","serena-road","gilgit"
"Shahrah-e-Quaid-e-Azam","shahrah-e-quaid-e-azam","gilgit"
"Sultanabad","sultanabad","gilgit"
"Cantt","gujranwala-cantt","gujranwala"
"Model Town","gujranwala-model-town","gujranwala"
"Civil Lines","civil-lines","gujrat"
"Dinga","dinga","gujrat"
"Gondal Road","gondal-road","gujrat"
"GT Road","gt-road","gujrat"
"Haji Pura","haji-pura","gujrat"
"Jalalpur Jattan","jalalpur-jattan","gujrat"
"Karian Cantt","karian-cantt","gujrat"
"Kharian","kharian","gujrat"
"Kotla Arab Ali Khan","kotla-arab-ali-khan","gujrat"
"Kunjah","kunjah","gujrat"
"Lalamusa","lalamusa","gujrat"
"Main Bazaar","main-bazaar","gujrat"
"Mandi Bahauddin Road","mandi-bahauddin-road","gujrat"
"Model Town","model-town","gujrat"
"Nizamabad Colony","nizamabad-colony","gujrat"
"Rahwali Cantt","rahwali-cantt","gujrat"
"Railway Road","railway-road","gujrat"
"Saddar","saddar","gujrat"
"Sara-e-Alamgir","sara-e-alamgir","gujrat"
"Satellite Town","satellite-town","gujrat"
"Airport Area","airport-area","gwadar"
"Coastal Highway","coastal-highway","gwadar"
"CPEC Area","cpec-area","gwadar"
"East Bay","east-bay","gwadar"
"Fish Harbor","fish-harbor","gwadar"
"Free Zone Area","free-zone-area","gwadar"
"GDA","gda","gwadar"
"Gwadar Port Area","gwadar-port-area","gwadar"
"Makran Coastal Highway","makran-coastal-highway","gwadar"
"Marine Drive","marine-drive","gwadar"
"Naval Base Area","naval-base-area","gwadar"
"New Town","new-town","gwadar"
"Old Town","old-town","gwadar"
"Pishukan","pishukan","gwadar"
"Saddar Bazaar","saddar-bazaar","gwadar"
"Sangar Housing","sangar-housing","gwadar"
"Shadi Kaur","shadi-kaur","gwadar"
"Sur Bandar","sur-bandar","gwadar"
"Surbandan","surbandan","gwadar"
"West Bay","west-bay","gwadar"
"Ahmad Nagar","ahmad-nagar","hafizabad"
"Civil Lines","civil-lines","hafizabad"
"Dholan Wala","dholan-wala","hafizabad"
"Faisalabad Road","faisalabad-road","hafizabad"
"GT Road","gt-road","hafizabad"
"Gujranwala Road","gujranwala-road","hafizabad"
"Jajja Abadi","jajja-abadi","hafizabad"
"Jalalpur Bhattian","jalalpur-bhattian","hafizabad"
"Kaleke Mandi","kaleke-mandi","hafizabad"
"Kot Nakka","kot-nakka","hafizabad"
"Kot Sultan","kot-sultan","hafizabad"
"Model Town","model-town","hafizabad"
"Pindi Bhattian","pindi-bhattian","hafizabad"
"Railway Road","railway-road","hafizabad"
"Rasool Nagar","rasool-nagar","hafizabad"
"Saddar Bazaar","saddar-bazaar","hafizabad"
"Satellite Town","satellite-town","hafizabad"
"Shah Bagh Colony","shah-bagh-colony","hafizabad"
"Sukheke Mandi","sukheke-mandi","hafizabad"
"Vanike Tarar","vanike-tarar","hafizabad"
"Baggan","baggan","hangu"
"Cantt Area","cantt-area","hangu"
"City Area","city-area","hangu"
"Civil Lines","civil-lines","hangu"
"Darsamand","darsamand","hangu"
"Doaba","doaba","hangu"
"Ghiljo","ghiljo","hangu"
"Hospital Road","hospital-road","hangu"
"Ibrahimzai","ibrahimzai","hangu"
"Kohat Road","kohat-road","hangu"
"Main Bazaar","main-bazaar","hangu"
"Mohammad Khel","mohammad-khel","hangu"
"Raisan","raisan","hangu"
"Saddar Bazaar","saddar-bazaar","hangu"
"Shahu Khel","shahu-khel","hangu"
"Tall","tall","hangu"
"Thall Road","thall-road","hangu"
"Torawari","torawari","hangu"
"Usterzai","usterzai","hangu"
"Zargari","zargari","hangu"
"Bela","bela","hub"
"Cantt Area","cantt-area","hub"
"Gadani","gadani","hub"
"Hub Chowki","hub-chowki","hub"
"Hub City","hub-city","hub"
"Hub Dam Area","hub-dam-area","hub"
"Industrial Area","industrial-area","hub"
"Karachi Road","karachi-road","hub"
"Lakhra","lakhra","hub"
"Lasbela","lasbela","hub"
"New Hub","new-hub","hub"
"Old Hub","old-hub","hub"
"Quetta Road","quetta-road","hub"
"RCD Highway","rcd-highway","hub"
"Saddar Bazaar","saddar-bazaar","hub"
"SITE Area","site-area","hub"
"Sonmiani","sonmiani","hub"
"Uthal","uthal","hub"
"Winder","winder","hub"
"Zero Point","zero-point","hub"
"Aliabad","aliabad","hunza"
"Altit","altit","hunza"
"Baltit","baltit","hunza"
"Central Hunza","central-hunza","hunza"
"Ganish","ganish","hunza"
"Ghulkin","ghulkin","hunza"
"Gojal","gojal","hunza"
"Gulmit","gulmit","hunza"
"Hopar","hopar","hunza"
"Hussaini","hussaini","hunza"
"Hyderabad","hyderabad","hunza"
"Karimabad","karimabad","hunza"
"KKH","kkh","hunza"
"Minapin","minapin","hunza"
"Murtazaabad","murtazaabad","hunza"
"Nagar Valley","nagar-valley","hunza"
"Passu","passu","hunza"
"Shishkat","shishkat","hunza"
"Sost","sost","hunza"
"Upper Hunza","upper-hunza","hunza"
"Auto Bhan Road","auto-bhan-road","hyderabad"
"Bhitai Nagar","bhitai-nagar","hyderabad"
"Cantonment","cantonment","hyderabad"
"Gulistan-e-Sarmast","gulistan-e-sarmast","hyderabad"
"Hali Road","hali-road","hyderabad"
"Hirabad","hirabad","hyderabad"
"Hussainabad","hussainabad","hyderabad"
"Hyder Chowk","hyder-chowk","hyderabad"
"Jamshoro Road","jamshoro-road","hyderabad"
"Kohsar","kohsar","hyderabad"
"Latifabad","latifabad","hyderabad"
"Market","market","hyderabad"
"Pinyari","pinyari","hyderabad"
"Qasimabad","qasimabad","hyderabad"
"Risala Road","risala-road","hyderabad"
"Saddar","saddar","hyderabad"
"Tando Jam","tando-jam","hyderabad"
"Tando Yousuf","tando-yousuf","hyderabad"
"Thandi Sarak","thandi-sarak","hyderabad"
"Unit No. 1-12","unit-no-1-12","hyderabad"
"Blue Area","islamabad-blue-area","islamabad"
"DHA Phase 2","islamabad-dha-phase-2","islamabad"
"E-11","islamabad-e-11","islamabad"
"F-7","islamabad-f-7","islamabad"
"F-8","islamabad-f-8","islamabad"
"G-11","islamabad-g-11","islamabad"
"I-8","islamabad-i-8","islamabad"
"Aqil Shah Colony","aqil-shah-colony","jacobabad"
"City Area","city-area","jacobabad"
"Civil Lines","civil-lines","jacobabad"
"Dera Allah Yar","dera-allah-yar","jacobabad"
"Garhi Khairo","garhi-khairo","jacobabad"
"Garhi Yasin","garhi-yasin","jacobabad"
"Hospital Road","hospital-road","jacobabad"
"Jinnah Colony","jinnah-colony","jacobabad"
"Kandhkot","kandhkot","jacobabad"
"Kashmore","kashmore","jacobabad"
"Medical Road","medical-road","jacobabad"
"Miro Khan","miro-khan","jacobabad"
"Muslim Colony","muslim-colony","jacobabad"
"Quetta Road","quetta-road","jacobabad"
"Railway Station Area","railway-station-area","jacobabad"
"Saddar Bazaar","saddar-bazaar","jacobabad"
"Shah Belo Colony","shah-belo-colony","jacobabad"
"Shikarpur Road","shikarpur-road","jacobabad"
"Tangwani","tangwani","jacobabad"
"Thul","thul","jacobabad"
"Ahmad Nagar","ahmad-nagar","jhang"
"Ahmad Pur Sial","ahmad-pur-sial","jhang"
"Athara Hazari","athara-hazari","jhang"
"Chiniot Road","chiniot-road","jhang"
"Chund Bharwana","chund-bharwana","jhang"
"Civil Lines","civil-lines","jhang"
"Faisalabad Road","faisalabad-road","jhang"
"Garh Maharaja","garh-maharaja","jhang"
"Ghulam Muhammad Abad","ghulam-muhammad-abad","jhang"
"Gojra Road","gojra-road","jhang"
"Khewat","khewat","jhang"
"Kot Isa Shah","kot-isa-shah","jhang"
"Kot Samaba","kot-samaba","jhang"
"Malka Hans","malka-hans","jhang"
"Model Town","model-town","jhang"
"Saddar Bazaar","saddar-bazaar","jhang"
"Satellite Town","satellite-town","jhang"
"Shah Jewna","shah-jewna","jhang"
"Shorkot","shorkot","jhang"
"Trimmu","trimmu","jhang"
"Chak Jamal","chak-jamal","jhelum"
"Chakwal Road","chakwal-road","jhelum"
"Civil Lines","civil-lines","jhelum"
"Dina","dina","jhelum"
"Domeli","domeli","jhelum"
"GT Road","gt-road","jhelum"
"Jalalpur Sharif","jalalpur-sharif","jhelum"
"Khewra","khewra","jhelum"
"Lilla","lilla","jhelum"
"Mandi Bahauddin Road","mandi-bahauddin-road","jhelum"
"Mangla","mangla","jhelum"
"Model Town","model-town","jhelum"
"Pind Dadan Khan","pind-dadan-khan","jhelum"
"Puran","puran","jhelum"
"Rasul","rasul","jhelum"
"Rohtas Road","rohtas-road","jhelum"
"Saddar","saddar","jhelum"
"Sarai Alamgir","sarai-alamgir","jhelum"
"Satellite Town","satellite-town","jhelum"
"Sohawa","sohawa","jhelum"
"Chak No. 27/DNB","chak-no-27dnb","kamoke"
"Civil Lines","civil-lines","kamoke"
"Daska Road","daska-road","kamoke"
"Eminabad Road","eminabad-road","kamoke"
"GT Road","gt-road","kamoke"
"Gujranwala Road","gujranwala-road","kamoke"
"Jandiala Road","jandiala-road","kamoke"
"Lahore Road","lahore-road","kamoke"
"Model Town","model-town","kamoke"
"Mohalla Kot Pindi","mohalla-kot-pindi","kamoke"
"Mohalla Shah Alam","mohalla-shah-alam","kamoke"
"Muridke Road","muridke-road","kamoke"
"Railway Road","railway-road","kamoke"
"Saddar Bazaar","saddar-bazaar","kamoke"
"Satellite Town","satellite-town","kamoke"
"Bahadurabad","bahadurabad","karachi"
"Bahria Town","bahria-town","karachi"
"Baldia Town","baldia-town","karachi"
"Bin Qasim","bin-qasim","karachi"
"Burns Road","burns-road","karachi"
"Clifton","clifton","karachi"
"Clifton","karachi-clifton","karachi"
"Defence","karachi-defence","karachi"
"Defence (DHA)","defence-dha","karachi"
"DHA","karachi-dha","karachi"
"FB Area","fb-area","karachi"
"Gadap Town","gadap-town","karachi"
"Garden","garden","karachi"
"Gulberg","gulberg","karachi"
"Gulistan-e-Jauhar","gulistan-e-jauhar","karachi"
"Gulistan-e-Johar","karachi-gulistan-e-johar","karachi"
"Gulshan-e-Iqbal","karachi-gulshan-e-iqbal","karachi"
"Gulshan-e-Iqbal","gulshan-e-iqbal","karachi"
"Hawksbay","hawksbay","karachi"
"II Chundrigar Road","ii-chundrigar-road","karachi"
"Jamshed Quarters","jamshed-quarters","karachi"
"Jamsheed Town","jamsheed-town","karachi"
"Jodia Bazaar","jodia-bazaar","karachi"
"Keamari","keamari","karachi"
"Kemari","kemari","karachi"
"Kharadar","kharadar","karachi"
"Korangi","korangi","karachi"
"Landhi","landhi","karachi"
"Liaquatabad","liaquatabad","karachi"
"Liaquatabad Town","karachi-liaquatabad-town","karachi"
"Lyari","lyari","karachi"
"Mahmoodabad","mahmoodabad","karachi"
"Malir","malir","karachi"
"Malir","karachi-malir","karachi"
"Maripur","maripur","karachi"
"Nazimabad","nazimabad","karachi"
"New Karachi","new-karachi","karachi"
"North Karachi","north-karachi","karachi"
"North Nazimabad","north-nazimabad","karachi"
"Orangi Town","orangi-town","karachi"
"PECHS","karachi-pechs","karachi"
"PECHS","pechs","karachi"
"Saddar","saddar","karachi"
"Scheme 33","scheme-33","karachi"
"Shah Faisal Colony","shah-faisal-colony","karachi"
"Surjani Town","surjani-town","karachi"
"Taiser Town","taiser-town","karachi"
"Tariq Road","tariq-road","karachi"
"Amberi","amberi","karak"
"Bahadar Khel","bahadar-khel","karak"
"Banda Daud Shah","banda-daud-shah","karak"
"Bannu Road","bannu-road","karak"
"City Area","city-area","karak"
"Civil Lines","civil-lines","karak"
"Gurguri","gurguri","karak"
"Hospital Road","hospital-road","karak"
"Ismail Khel","ismail-khel","karak"
"Khurram","khurram","karak"
"Kohat Road","kohat-road","karak"
"Latamber","latamber","karak"
"Main Bazaar","main-bazaar","karak"
"Sabirabad","sabirabad","karak"
"Saddar Bazaar","saddar-bazaar","karak"
"Serai Naurang","serai-naurang","karak"
"Shakardara","shakardara","karak"
"Takht-e-Nasrati","takht-e-nasrati","karak"
"Terri","terri","karak"
"Zambar","zambar","karak"
"Bhai Pheru","bhai-pheru","kasur"
"Chunian","chunian","kasur"
"Ellahabad","ellahabad","kasur"
"Ferozpur Road","ferozpur-road","kasur"
"GT Road","gt-road","kasur"
"Habibabad","habibabad","kasur"
"Kanganpur","kanganpur","kasur"
"Khas Bazaar","khas-bazaar","kasur"
"Khudian","khudian","kasur"
"Kot Radha Kishan","kot-radha-kishan","kasur"
"Manga Mandi","manga-mandi","kasur"
"Model Town","model-town","kasur"
"Mustafabad","mustafabad","kasur"
"Pattoki","pattoki","kasur"
"Phool Nagar","phool-nagar","kasur"
"Railway Road","railway-road","kasur"
"Raiwind","raiwind","kasur"
"Raja Jang","raja-jang","kasur"
"Saddar","saddar","kasur"
"Talwandi","talwandi","kasur"
"Civil Lines","civil-lines","khairpur"
"Faiz Ganj","faiz-ganj","khairpur"
"Gambat","gambat","khairpur"
"Hyderabad Road","hyderabad-road","khairpur"
"Jinnah Road","jinnah-road","khairpur"
"Kingri","kingri","khairpur"
"Kot Diji","kot-diji","khairpur"
"Medical Road","medical-road","khairpur"
"Mehran","mehran","khairpur"
"Mir Wah","mir-wah","khairpur"
"Nara","nara","khairpur"
"Pir Jo Goth","pir-jo-goth","khairpur"
"Railway Station","railway-station","khairpur"
"Ranipur","ranipur","khairpur"
"Saddar Bazaar","saddar-bazaar","khairpur"
"Secretariat Road","secretariat-road","khairpur"
"Sobho Dero","sobho-dero","khairpur"
"Sukkur Road","sukkur-road","khairpur"
"Thari Mirwah","thari-mirwah","khairpur"
"Theri","theri","khairpur"
"Abdul Hakeem","abdul-hakeem","khanewal"
"Chak 88/10-R","chak-8810-r","khanewal"
"Civil Lines","civil-lines","khanewal"
"Jahanian","jahanian","khanewal"
"Kabirwala","kabirwala","khanewal"
"Kutchery Road","kutchery-road","khanewal"
"Makhdoom Rasheed","makhdoom-rasheed","khanewal"
"Mian Channu","mian-channu","khanewal"
"Model Town","model-town","khanewal"
"Multan Road","multan-road","khanewal"
"Pull Rango","pull-rango","khanewal"
"Railway Colony","railway-colony","khanewal"
"Saddar Bazaar","saddar-bazaar","khanewal"
"Sardar Garhi","sardar-garhi","khanewal"
"Sardarpur","sardarpur","khanewal"
"Satellite Town","satellite-town","khanewal"
"Shamkot","shamkot","khanewal"
"Thatta Sadiqabad","thatta-sadiqabad","khanewal"
"Tulamba","tulamba","khanewal"
"Vehari Road","vehari-road","khanewal"
"Bhaun","bhaun","khushab"
"Civil Lines","civil-lines","khushab"
"Dandot","dandot","khushab"
"Hadali","hadali","khushab"
"Jauharabad","jauharabad","khushab"
"Jauharabad Road","jauharabad-road","khushab"
"Jhelum Road","jhelum-road","khushab"
"Kanhati Garden","kanhati-garden","khushab"
"Mianwali Road","mianwali-road","khushab"
"Mitha Tiwana","mitha-tiwana","khushab"
"Model Town","model-town","khushab"
"Naushera","naushera","khushab"
"Naushera Road","naushera-road","khushab"
"Noorpur Thal","noorpur-thal","khushab"
"Nurpur","nurpur","khushab"
"Quaidabad","quaidabad","khushab"
"Saddar Bazaar","saddar-bazaar","khushab"
"Sargodha Road","sargodha-road","khushab"
"Satellite Town","satellite-town","khushab"
"Shaheenabad","shaheenabad","khushab"
"Aranji","aranji","khuzdar"
"Baghbana","baghbana","khuzdar"
"City Area","city-area","khuzdar"
"Civil Lines","civil-lines","khuzdar"
"Gresha","gresha","khuzdar"
"Hospital Road","hospital-road","khuzdar"
"Kalat Road","kalat-road","khuzdar"
"Karachi Road","karachi-road","khuzdar"
"Karak","karak","khuzdar"
"Khuzdar City","khuzdar-city","khuzdar"
"Main Bazaar","main-bazaar","khuzdar"
"Moola","moola","khuzdar"
"Nal","nal","khuzdar"
"Nall","nall","khuzdar"
"Ornach","ornach","khuzdar"
"Quetta Road","quetta-road","khuzdar"
"Saddar Bazaar","saddar-bazaar","khuzdar"
"Surab Road","surab-road","khuzdar"
"Wadh","wadh","khuzdar"
"Zehri","zehri","khuzdar"
"Bannu Road","bannu-road","kohat"
"Cantt Area","cantt-area","kohat"
"City Area","city-area","kohat"
"Civil Lines","civil-lines","kohat"
"Darra Adam Khel","darra-adam-khel","kohat"
"Gumbat","gumbat","kohat"
"Hangu Road","hangu-road","kohat"
"Industrial Area","industrial-area","kohat"
"Jangal Khel","jangal-khel","kohat"
"Jarma","jarma","kohat"
"KDA","kda","kohat"
"Lachi","lachi","kohat"
"Muhammad Khel","muhammad-khel","kohat"
"Old City","old-city","kohat"
"Peshawar Road","peshawar-road","kohat"
"Saddar Bazaar","saddar-bazaar","kohat"
"Shakardara","shakardara","kohat"
"Tira","tira","kohat"
"Togh Sarai","togh-sarai","kohat"
"Usterzai","usterzai","kohat"
"Ahmed Block","ahmed-block","lahore"
"Ahmed Block","lahore-ahmed-block","lahore"
"Aibak Block","aibak-block","lahore"
"Aibak Block","lahore-aibak-block","lahore"
"Airline Society","airline-society","lahore"
"Airline Society","lahore-airline-society","lahore"
"Airport Road","airport-road","lahore"
"Airport Road","lahore-airport-road","lahore"
"Ali Block","ali-block","lahore"
"Ali Block","lahore-ali-block","lahore"
"Ali Park","ali-park","lahore"
"Ali Park","lahore-ali-park","lahore"
"Allama Iqbal Medical College","allama-iqbal-medical-college","lahore"
"Allama Iqbal Medical College","lahore-allama-iqbal-medical-college","lahore"
"Allama Iqbal Town","allama-iqbal-town","lahore"
"Allama Iqbal Town","lahore-allama-iqbal-town","lahore"
"Alpha Co Operative","lahore-alpha-co-operative","lahore"
"Alpha Co Operative","alpha-co-operative","lahore"
"Amin Park","amin-park","lahore"
"Amin Park","lahore-amin-park","lahore"
"Anar Kali","lahore-anar-kali","lahore"
"Anar Kali","anar-kali","lahore"
"Architects Engineers Society","lahore-architects-engineers-society","lahore"
"Architects Engineers Society","architects-engineers-society","lahore"
"Army Housing Society","lahore-army-housing-society","lahore"
"Army Housing Society","army-housing-society","lahore"
"Asif Block","lahore-asif-block","lahore"
"Asif Block","asif-block","lahore"
"Askari Colony","askari-colony","lahore"
"Askari Colony","lahore-askari-colony","lahore"
"Askrai Villa","lahore-askrai-villa","lahore"
"Askrai Villa","askrai-villa","lahore"
"Atta Turk Block","atta-turk-block","lahore"
"Atta Turk Block","lahore-atta-turk-block","lahore"
"Aurangzeb Block","aurangzeb-block","lahore"
"Aurangzeb Block","lahore-aurangzeb-block","lahore"
"Awan Market","awan-market","lahore"
"Awan Market","lahore-awan-market","lahore"
"Awan Town","lahore-awan-town","lahore"
"Awan Town","awan-town","lahore"
"Baba Farid Colony","baba-farid-colony","lahore"
"Baba Farid Colony","lahore-baba-farid-colony","lahore"
"Babar Block","babar-block","lahore"
"Babar Block","lahore-babar-block","lahore"
"Badami Bagh","lahore-badami-bagh","lahore"
"Badami Bagh","badami-bagh","lahore"
"Badar Block","lahore-badar-block","lahore"
"Badar Block","badar-block","lahore"
"Baghban Pura","lahore-baghban-pura","lahore"
"Baghban Pura","baghban-pura","lahore"
"Bagrian","lahore-bagrian","lahore"
"Bagrian","bagrian","lahore"
"Bahria Town","bahria-town","lahore"
"Bahria Town","lahore-bahria-town","lahore"
"Band Road","band-road","lahore"
"Band Road","lahore-band-road","lahore"
"Barki Road","barki-road","lahore"
"Barki Road","lahore-barki-road","lahore"
"Bedian Road","lahore-bedian-road","lahore"
"Bedian Road","bedian-road","lahore"
"Bibi Pak Daman","lahore-bibi-pak-daman","lahore"
"Bibi Pak Daman","bibi-pak-daman","lahore"
"Bilal Gang","bilal-gang","lahore"
"Bilal Gang","lahore-bilal-gang","lahore"
"Bilal Park","bilal-park","lahore"
"Bilal Park","lahore-bilal-park","lahore"
"Blue World City","lahore-blue-world-city","lahore"
"Blue World City","blue-world-city","lahore"
"Bostan Colony","lahore-bostan-colony","lahore"
"Bostan Colony","bostan-colony","lahore"
"Bridge Colony","lahore-bridge-colony","lahore"
"Bridge Colony","bridge-colony","lahore"
"Burj Colony","burj-colony","lahore"
"Burj Colony","lahore-burj-colony","lahore"
"C.M.A. Colony","cma-colony","lahore"
"C.M.A. Colony","lahore-c.m.a.-colony","lahore"
"Canal Bank","lahore-canal-bank","lahore"
"Canal Bank","canal-bank","lahore"
"Canal Breeze","canal-breeze","lahore"
"Canal Breeze","lahore-canal-breeze","lahore"
"Canal Garden","lahore-canal-garden","lahore"
"Canal Garden","canal-garden","lahore"
"Canal Park Society","lahore-canal-park-society","lahore"
"Canal Park Society","canal-park-society","lahore"
"Canal Road","canal-road","lahore"
"Canal Road","lahore-canal-road","lahore"
"Canal View Colony","canal-view-colony","lahore"
"Canal View Colony","lahore-canal-view-colony","lahore"
"Cantt","lahore-cantt","lahore"
"Cantt","cantt","lahore"
"Cavalry Ground","cavalry-ground","lahore"
"Cavalry Ground","lahore-cavalry-ground","lahore"
"Chachowali","chachowali","lahore"
"Chachowali","lahore-chachowali","lahore"
"Chararrd Village","lahore-chararrd-village","lahore"
"Chararrd Village","chararrd-village","lahore"
"Chenab Block","chenab-block","lahore"
"Chenab Block","lahore-chenab-block","lahore"
"Chungi Amer Sadhu","lahore-chungi-amer-sadhu","lahore"
"Chungi Amer Sadhu","chungi-amer-sadhu","lahore"
"Civic Center","civic-center","lahore"
"Civic Center","lahore-civic-center","lahore"
"College Block","college-block","lahore"
"College Block","lahore-college-block","lahore"
"D.H.A.","dha","lahore"
"D.H.A.","lahore-d.h.a.","lahore"
"Darbar Gurreh Shah","lahore-darbar-gurreh-shah","lahore"
"Darbar Gurreh Shah","darbar-gurreh-shah","lahore"
"Darbar Pir Makki","lahore-darbar-pir-makki","lahore"
"Darbar Pir Makki","darbar-pir-makki","lahore"
"Daroghawala","lahore-daroghawala","lahore"
"Daroghawala","daroghawala","lahore"
"Data Nagar","lahore-data-nagar","lahore"
"Data Nagar","data-nagar","lahore"
"Davis Road","davis-road","lahore"
"Davis Road","lahore-davis-road","lahore"
"Defense","lahore-defense","lahore"
"Defense","defense","lahore"
"Dha Phase 2","dha-phase-2","lahore"
"DHA Phase 5","lahore-dha-phase-5","lahore"
"Dharampura","dharampura","lahore"
"Dharampura","lahore-dharampura","lahore"
"Doctors Society","lahore-doctors-society","lahore"
"Doctors Society","doctors-society","lahore"
"Eden Avenue","eden-avenue","lahore"
"Eden Avenue","lahore-eden-avenue","lahore"
"Eden Canal Villas","eden-canal-villas","lahore"
"Eden Canal Villas","lahore-eden-canal-villas","lahore"
"Eden Homes","eden-homes","lahore"
"Eden Homes","lahore-eden-homes","lahore"
"Eden View","lahore-eden-view","lahore"
"Eden View","eden-view","lahore"
"Education Town","lahore-education-town","lahore"
"Education Town","education-town","lahore"
"EME DHA Society","eme-dha-society","lahore"
"EME DHA Society","lahore-eme-dha-society","lahore"
"Engineer Cooperative Society","engineer-cooperative-society","lahore"
"Engineer Cooperative Society","lahore-engineer-cooperative-society","lahore"
"F.C. College","lahore-f.c.-college","lahore"
"F.C. College","fc-college","lahore"
"Faisal Park","lahore-faisal-park","lahore"
"Faisal Park","faisal-park","lahore"
"Faisal Town","lahore-faisal-town","lahore"
"Faisal Town","faisal-town","lahore"
"Falcon Complex","lahore-falcon-complex","lahore"
"Falcon Complex","falcon-complex","lahore"
"Faruque Ganj","faruque-ganj","lahore"
"Faruque Ganj","lahore-faruque-ganj","lahore"
"Ferozepur Road","lahore-ferozepur-road","lahore"
"Ferozpur Road","lahore-ferozpur-road","lahore"
"Ferozpur Road","ferozpur-road","lahore"
"Firozpur Road","firozpur-road","lahore"
"Firozpur Road","lahore-firozpur-road","lahore"
"Fort Villas","fort-villas","lahore"
"Fort Villas","lahore-fort-villas","lahore"
"Fortress Stadium","fortress-stadium","lahore"
"Fortress Stadium","lahore-fortress-stadium","lahore"
"Fransisi Town","fransisi-town","lahore"
"Fransisi Town","lahore-fransisi-town","lahore"
"G.O.R.","gor","lahore"
"G.O.R.","lahore-g.o.r.","lahore"
"Garden Block","garden-block","lahore"
"Garden Block","lahore-garden-block","lahore"
"Garden Town","garden-town","lahore"
"Garden Town","lahore-garden-town","lahore"
"Garhi Shahu","garhi-shahu","lahore"
"Garhi Shahu","lahore-garhi-shahu","lahore"
"Gawal Mandi","gawal-mandi","lahore"
"Gawal Mandi","lahore-gawal-mandi","lahore"
"Ghazi Road","lahore-ghazi-road","lahore"
"Ghazi Road","ghazi-road","lahore"
"Ghous Azan Colony","lahore-ghous-azan-colony","lahore"
"Ghous Azan Colony","ghous-azan-colony","lahore"
"Ghousia Colony","lahore-ghousia-colony","lahore"
"Ghousia Colony","ghousia-colony","lahore"
"Gohawa","lahore-gohawa","lahore"
"Gohawa","gohawa","lahore"
"Gopal Nagar","lahore-gopal-nagar","lahore"
"Gopal Nagar","gopal-nagar","lahore"
"Gor","lahore-gor","lahore"
"Green Park","lahore-green-park","lahore"
"Green Park","green-park","lahore"
"Green Town","lahore-green-town","lahore"
"Green Town","green-town","lahore"
"Gulbahar Colony","gulbahar-colony","lahore"
"Gulbahar Colony","lahore-gulbahar-colony","lahore"
"Gulberg","lahore-gulberg","lahore"
"Gulberg","gulberg","lahore"
"Gulshan Block","lahore-gulshan-block","lahore"
"Gulshan Block","gulshan-block","lahore"
"Gulshan E Ravi","lahore-gulshan-e-ravi","lahore"
"Gulshan E Ravi","gulshan-e-ravi","lahore"
"Hadiara","lahore-hadiara","lahore"
"Hadiara","hadiara","lahore"
"Hamdard Chowk","lahore-hamdard-chowk","lahore"
"Hamdard Chowk","hamdard-chowk","lahore"
"Harbanspura","lahore-harbanspura","lahore"
"Harbanspura","harbanspura","lahore"
"Herbuns Pura","lahore-herbuns-pura","lahore"
"Herbuns Pura","herbuns-pura","lahore"
"Huma Block","lahore-huma-block","lahore"
"Huma Block","huma-block","lahore"
"Hunza Block","hunza-block","lahore"
"Hunza Block","lahore-hunza-block","lahore"
"Ichhra","ichhra","lahore"
"Ichhra","lahore-ichhra","lahore"
"Infantry Road","lahore-infantry-road","lahore"
"Infantry Road","infantry-road","lahore"
"Iqbal Ave Housing Society","lahore-iqbal-ave-housing-society","lahore"
"Iqbal Ave Housing Society","iqbal-ave-housing-society","lahore"
"Iqbal Avenue","lahore-iqbal-avenue","lahore"
"Iqbal Avenue","iqbal-avenue","lahore"
"Islam Pura","islam-pura","lahore"
"Islam Pura","lahore-islam-pura","lahore"
"Ittehad Colony","lahore-ittehad-colony","lahore"
"Ittehad Colony","ittehad-colony","lahore"
"Izmir Town","lahore-izmir-town","lahore"
"Izmir Town","izmir-town","lahore"
"J.D.A.","jda","lahore"
"J.D.A.","lahore-j.d.a.","lahore"
"Jail Road","jail-road","lahore"
"Jail Road","lahore-jail-road","lahore"
"Jehanzeb Block","jehanzeb-block","lahore"
"Jehanzeb Block","lahore-jehanzeb-block","lahore"
"Jinnah Hospital","lahore-jinnah-hospital","lahore"
"Jinnah Hospital","jinnah-hospital","lahore"
"Johar Town","lahore-johar-town","lahore"
"Johar Town","johar-town","lahore"
"Jubli Town","lahore-jubli-town","lahore"
"Jubli Town","jubli-town","lahore"
"K.B. Society","kb-society","lahore"
"K.B. Society","lahore-k.b.-society","lahore"
"Kainchi","lahore-kainchi","lahore"
"Kainchi","kainchi","lahore"
"Kamran Block","kamran-block","lahore"
"Kamran Block","lahore-kamran-block","lahore"
"Karim Block","lahore-karim-block","lahore"
"Karim Block","karim-block","lahore"
"Karim Park","lahore-karim-park","lahore"
"Karim Park","karim-park","lahore"
"Khayaban-e-Amin","lahore-khayaban-e-amin","lahore"
"Khayaban-e-Amin","khayaban-e-amin","lahore"
"Khuda Buksh Colony","lahore-khuda-buksh-colony","lahore"
"Khuda Buksh Colony","khuda-buksh-colony","lahore"
"Khudad Town","khudad-town","lahore"
"Khudad Town","lahore-khudad-town","lahore"
"Khursheed Alam Road","lahore-khursheed-alam-road","lahore"
"Khursheed Alam Road","khursheed-alam-road","lahore"
"Kot Lakhpat","kot-lakhpat","lahore"
"Kot Lakhpat","lahore-kot-lakhpat","lahore"
"L.D.A. Avenue","lda-avenue","lahore"
"L.D.A. Avenue","lahore-l.d.a.-avenue","lahore"
"L.D.A. Colony","lda-colony","lahore"
"L.D.A. Colony","lahore-l.d.a.-colony","lahore"
"Lakshmi Chowk","lahore-lakshmi-chowk","lahore"
"Lakshmi Chowk","lakshmi-chowk","lahore"
"Lalzar Colony","lalzar-colony","lahore"
"Lalzar Colony","lahore-lalzar-colony","lahore"
"Lawrence Road","lahore-lawrence-road","lahore"
"Lawrence Road","lawrence-road","lahore"
"Lidhar","lidhar","lahore"
"Lidhar","lahore-lidhar","lahore"
"LUMS","lahore-lums","lahore"
"LUMS","lums","lahore"
"M.M. Alam Road","lahore-m.m.-alam-road","lahore"
"M.M. Alam Road","mm-alam-road","lahore"
"Madina Colony","lahore-madina-colony","lahore"
"Madina Colony","madina-colony","lahore"
"Mahmood Booty Ring Road","lahore-mahmood-booty-ring-road","lahore"
"Mahmood Booty Ring Road","mahmood-booty-ring-road","lahore"
"Main Gulberg Boulevard","lahore-main-gulberg-boulevard","lahore"
"Main Gulberg Boulevard","main-gulberg-boulevard","lahore"
"Main Khayaban Road","lahore-main-khayaban-road","lahore"
"Main Khayaban Road","main-khayaban-road","lahore"
"Main Mir Colony","main-mir-colony","lahore"
"Main Mir Colony","lahore-main-mir-colony","lahore"
"Makkah Colony","lahore-makkah-colony","lahore"
"Makkah Colony","makkah-colony","lahore"
"Mamdoot Block","lahore-mamdoot-block","lahore"
"Mamdoot Block","mamdoot-block","lahore"
"Maraghzar Colony","maraghzar-colony","lahore"
"Maraghzar Colony","lahore-maraghzar-colony","lahore"
"Mayo Hospital","mayo-hospital","lahore"
"Mayo Hospital","lahore-mayo-hospital","lahore"
"Mazang","mazang","lahore"
"Mazang","lahore-mazang","lahore"
"Mehran Block","mehran-block","lahore"
"Mehran Block","lahore-mehran-block","lahore"
"Misri Shah","misri-shah","lahore"
"Misri Shah","lahore-misri-shah","lahore"
"Model Town","lahore-model-town","lahore"
"Model Town","model-town","lahore"
"Moon Market","lahore-moon-market","lahore"
"Moon Market","moon-market","lahore"
"Mughal Pura","lahore-mughal-pura","lahore"
"Mughal Pura","mughal-pura","lahore"
"Muhafiz Town","lahore-muhafiz-town","lahore"
"Muhafiz Town","muhafiz-town","lahore"
"Munir Road","lahore-munir-road","lahore"
"Munir Road","munir-road","lahore"
"Muslim Town","lahore-muslim-town","lahore"
"Muslim Town","muslim-town","lahore"
"Mustafa Bad","lahore-mustafa-bad","lahore"
"Mustafa Bad","mustafa-bad","lahore"
"Mustafa Park","mustafa-park","lahore"
"Mustafa Park","lahore-mustafa-park","lahore"
"Mustafa Town","lahore-mustafa-town","lahore"
"Mustafa Town","mustafa-town","lahore"
"Nabi Pura","lahore-nabi-pura","lahore"
"Nabi Pura","nabi-pura","lahore"
"Nargis Block","lahore-nargis-block","lahore"
"Nargis Block","nargis-block","lahore"
"Nasheman Colony","lahore-nasheman-colony","lahore"
"Nasheman Colony","nasheman-colony","lahore"
"Nasheman Iqbal Housing Scheme","nasheman-iqbal-housing-scheme","lahore"
"Nasheman Iqbal Housing Scheme","lahore-nasheman-iqbal-housing-scheme","lahore"
"Nespak Society","lahore-nespak-society","lahore"
"Nespak Society","nespak-society","lahore"
"New Garden Town","lahore-new-garden-town","lahore"
"New Garden Town","new-garden-town","lahore"
"New Mustafa Colony","new-mustafa-colony","lahore"
"New Mustafa Colony","lahore-new-mustafa-colony","lahore"
"New PAF Colony","new-paf-colony","lahore"
"New PAF Colony","lahore-new-paf-colony","lahore"
"Nisar Colony","lahore-nisar-colony","lahore"
"Nisar Colony","nisar-colony","lahore"
"Nishtar Block","nishtar-block","lahore"
"Nishtar Block","lahore-nishtar-block","lahore"
"Nishtar Colony","nishtar-colony","lahore"
"Nishtar Colony","lahore-nishtar-colony","lahore"
"Nova City","lahore-nova-city","lahore"
"Nova City","nova-city","lahore"
"Officers Colony","lahore-officers-colony","lahore"
"Officers Colony","officers-colony","lahore"
"OPF Colony","opf-colony","lahore"
"OPF Colony","lahore-opf-colony","lahore"
"OPF Housing Scheme","lahore-opf-housing-scheme","lahore"
"OPF Housing Scheme","opf-housing-scheme","lahore"
"P.A.F. Colony","paf-colony","lahore"
"P.A.F. Colony","lahore-p.a.f.-colony","lahore"
"P.C.S.I.R. Housing Scheme","pcsir-housing-scheme","lahore"
"P.C.S.I.R. Housing Scheme","lahore-p.c.s.i.r.-housing-scheme","lahore"
"P.C.S.I.R. Housing Society","pcsir-housing-society","lahore"
"P.C.S.I.R. Housing Society","lahore-p.c.s.i.r.-housing-society","lahore"
"P.I.A. Society","pia-society","lahore"
"P.I.A. Society","lahore-p.i.a.-society","lahore"
"Pak Block","lahore-pak-block","lahore"
"Pak Block","pak-block","lahore"
"Paragon City","lahore-paragon-city","lahore"
"Paragon City","paragon-city","lahore"
"Park View City","park-view-city","lahore"
"Park View City","lahore-park-view-city","lahore"
"PASCO Housing Society","pasco-housing-society","lahore"
"PASCO Housing Society","lahore-pasco-housing-society","lahore"
"Peco Road","peco-road","lahore"
"Peco Road","lahore-peco-road","lahore"
"Premier Energy","lahore-premier-energy","lahore"
"Premier Energy","premier-energy","lahore"
"Punjab Govt Employs Cooperative Society","lahore-punjab-govt-employs-cooperative-society","lahore"
"Punjab Govt Employs Cooperative Society","punjab-govt-employs-cooperative-society","lahore"
"Punjab Society Near DHA","punjab-society-near-dha","lahore"
"Punjab Society Near DHA","lahore-punjab-society-near-dha","lahore"
"Punjab University","lahore-punjab-university","lahore"
"Punjab University","punjab-university","lahore"
"Qila Gujar Singh","lahore-qila-gujar-singh","lahore"
"Qila Gujar Singh","qila-gujar-singh","lahore"
"Qila Lakshan Singh","lahore-qila-lakshan-singh","lahore"
"Qila Lakshan Singh","qila-lakshan-singh","lahore"
"Quaid-e-Azam Industrial Estate","quaid-e-azam-industrial-estate","lahore"
"Quaid-e-Azam Industrial Estate","lahore-quaid-e-azam-industrial-estate","lahore"
"R.A. Bazaar","ra-bazaar","lahore"
"R.A. Bazaar","lahore-r.a.-bazaar","lahore"
"Race Course Park","lahore-race-course-park","lahore"
"Race Course Park","race-course-park","lahore"
"Race Course Town","race-course-town","lahore"
"Race Course Town","lahore-race-course-town","lahore"
"Rachna Block","lahore-rachna-block","lahore"
"Rachna Block","rachna-block","lahore"
"Railway Housing Society","railway-housing-society","lahore"
"Railway Housing Society","lahore-railway-housing-society","lahore"
"Raiwind Road","lahore-raiwind-road","lahore"
"Raiwind Road","raiwind-road","lahore"
"Ram Garh","lahore-ram-garh","lahore"
"Ram Garh","ram-garh","lahore"
"Rang Mehal","rang-mehal","lahore"
"Rang Mehal","lahore-rang-mehal","lahore"
"Ravi Block","lahore-ravi-block","lahore"
"Ravi Block","ravi-block","lahore"
"Ravi Road","ravi-road","lahore"
"Ravi Road","lahore-ravi-road","lahore"
"Raza Block","lahore-raza-block","lahore"
"Raza Block","raza-block","lahore"
"Rehman Garden","rehman-garden","lahore"
"Rehman Garden","lahore-rehman-garden","lahore"
"Revenue Society","revenue-society","lahore"
"Revenue Society","lahore-revenue-society","lahore"
"Riwaz Garden","riwaz-garden","lahore"
"Riwaz Garden","lahore-riwaz-garden","lahore"
"S.M.C.H.S.","smchs","lahore"
"S.M.C.H.S.","lahore-s.m.c.h.s.","lahore"
"Saddar","lahore-saddar","lahore"
"Saddar","saddar","lahore"
"Saint John Park","saint-john-park","lahore"
"Saint John Park","lahore-saint-john-park","lahore"
"Salamatpura","salamatpura","lahore"
"Salamatpura","lahore-salamatpura","lahore"
"Samanabad","lahore-samanabad","lahore"
"Samanabad","samanabad","lahore"
"Samia Town","samia-town","lahore"
"Samia Town","lahore-samia-town","lahore"
"Sanat Nagar","sanat-nagar","lahore"
"Sanat Nagar","lahore-sanat-nagar","lahore"
"Sarshar Town","lahore-sarshar-town","lahore"
"Sarshar Town","sarshar-town","lahore"
"Sarwar Road","sarwar-road","lahore"
"Sarwar Road","lahore-sarwar-road","lahore"
"Shabir Town","lahore-shabir-town","lahore"
"Shabir Town","shabir-town","lahore"
"Shad Bagh","shad-bagh","lahore"
"Shad Bagh","lahore-shad-bagh","lahore"
"Shadman Colony","shadman-colony","lahore"
"Shadman Colony","lahore-shadman-colony","lahore"
"Shahtaj Colony","lahore-shahtaj-colony","lahore"
"Shahtaj Colony","shahtaj-colony","lahore"
"Shaikh Zayed Hospital","lahore-shaikh-zayed-hospital","lahore"
"Shaikh Zayed Hospital","shaikh-zayed-hospital","lahore"
"Shalimar Link Road","lahore-shalimar-link-road","lahore"
"Shalimar Link Road","shalimar-link-road","lahore"
"Shalimar Town","lahore-shalimar-town","lahore"
"Shalimar Town","shalimar-town","lahore"
"Shama Colony","lahore-shama-colony","lahore"
"Shama Colony","shama-colony","lahore"
"Shaukat Khanum Hospital","shaukat-khanum-hospital","lahore"
"Shaukat Khanum Hospital","lahore-shaukat-khanum-hospital","lahore"
"Shersha Block","shersha-block","lahore"
"Shersha Block","lahore-shersha-block","lahore"
"Sikandar Block","lahore-sikandar-block","lahore"
"Sikandar Block","sikandar-block","lahore"
"Star Town","star-town","lahore"
"Star Town","lahore-star-town","lahore"
"State Life Society","lahore-state-life-society","lahore"
"State Life Society","state-life-society","lahore"
"Sui Gas Society","sui-gas-society","lahore"
"Sui Gas Society","lahore-sui-gas-society","lahore"
"Sukh Chain Society","lahore-sukh-chain-society","lahore"
"Sukh Chain Society","sukh-chain-society","lahore"
"Super Town","super-town","lahore"
"Super Town","lahore-super-town","lahore"
"Sutlej Block","sutlej-block","lahore"
"Sutlej Block","lahore-sutlej-block","lahore"
"Tariq Block","lahore-tariq-block","lahore"
"Tariq Block","tariq-block","lahore"
"Tariq Garden","lahore-tariq-garden","lahore"
"Tariq Garden","tariq-garden","lahore"
"Tech Society","tech-society","lahore"
"Tech Society","lahore-tech-society","lahore"
"Temple Road","temple-road","lahore"
"Temple Road","lahore-temple-road","lahore"
"Thokar Niaz Baig","thokar-niaz-baig","lahore"
"Thokar Niaz Baig","lahore-thokar-niaz-baig","lahore"
"Tipu Block","tipu-block","lahore"
"Tipu Block","lahore-tipu-block","lahore"
"Tricon Valley","lahore-tricon-valley","lahore"
"Tricon Valley","tricon-valley","lahore"
"Tufail Road","lahore-tufail-road","lahore"
"Tufail Road","tufail-road","lahore"
"U.C.P.","ucp","lahore"
"U.C.P.","lahore-u.c.p.","lahore"
"Umer Block","lahore-umer-block","lahore"
"Umer Block","umer-block","lahore"
"University of Lahore","lahore-university-of-lahore","lahore"
"University of Lahore","university-of-lahore","lahore"
"Upper Mall Scheme","lahore-upper-mall-scheme","lahore"
"Upper Mall Scheme","upper-mall-scheme","lahore"
"Usman Block","lahore-usman-block","lahore"
"Usman Block","usman-block","lahore"
"Usman Ganj","usman-ganj","lahore"
"Usman Ganj","lahore-usman-ganj","lahore"
"Valencia Town","lahore-valencia-town","lahore"
"Valencia Town","valencia-town","lahore"
"Vision City","vision-city","lahore"
"Vision City","lahore-vision-city","lahore"
"Wafaqi Colony","lahore-wafaqi-colony","lahore"
"Wafaqi Colony","wafaqi-colony","lahore"
"Wahdat Colony","lahore-wahdat-colony","lahore"
"Wahdat Colony","wahdat-colony","lahore"
"Walton Road","lahore-walton-road","lahore"
"Walton Road","walton-road","lahore"
"Wapda Colony","wapda-colony","lahore"
"Wapda Colony","lahore-wapda-colony","lahore"
"Wapda House","lahore-wapda-house","lahore"
"Wapda House","wapda-house","lahore"
"Wapda Town","wapda-town","lahore"
"Wapda Town","lahore-wapda-town","lahore"
"West Wood Colony","west-wood-colony","lahore"
"West Wood Colony","lahore-west-wood-colony","lahore"
"Youhna Bad","lahore-youhna-bad","lahore"
"Youhna Bad","youhna-bad","lahore"
"Zaman Colony","lahore-zaman-colony","lahore"
"Zaman Colony","zaman-colony","lahore"
"Zeenat Block","zeenat-block","lahore"
"Zeenat Block","lahore-zeenat-block","lahore"
"Bannu Road","bannu-road","lakki-marwat"
"Bettani","bettani","lakki-marwat"
"Cantt Area","cantt-area","lakki-marwat"
"City Area","city-area","lakki-marwat"
"Civil Lines","civil-lines","lakki-marwat"
"Darra Pezu","darra-pezu","lakki-marwat"
"Gambila","gambila","lakki-marwat"
"Ghazni Khel","ghazni-khel","lakki-marwat"
"Hospital Road","hospital-road","lakki-marwat"
"Khirgi","khirgi","lakki-marwat"
"Kohat Road","kohat-road","lakki-marwat"
"Main Bazaar","main-bazaar","lakki-marwat"
"Naurang","naurang","lakki-marwat"
"Saddar Bazaar","saddar-bazaar","lakki-marwat"
"Sarai Naurang","sarai-naurang","lakki-marwat"
"Serai Gambila","serai-gambila","lakki-marwat"
"Shahbaz Khel","shahbaz-khel","lakki-marwat"
"Tajazai","tajazai","lakki-marwat"
"Torawari","torawari","lakki-marwat"
"Wanda Sher Ghazi","wanda-sher-ghazi","lakki-marwat"
"Akil","akil","larkana"
"Arija","arija","larkana"
"Bakrani","bakrani","larkana"
"Bunder Road","bunder-road","larkana"
"Civil Lines","civil-lines","larkana"
"Dokri","dokri","larkana"
"Garhi Khuda Bakhsh","garhi-khuda-bakhsh","larkana"
"Jinnah Bagh","jinnah-bagh","larkana"
"Kambar","kambar","larkana"
"Medical Road","medical-road","larkana"
"Mehar","mehar","larkana"
"Naudero","naudero","larkana"
"Qambar Shahdadkot","qambar-shahdadkot","larkana"
"Ratodero","ratodero","larkana"
"Resham Gali","resham-gali","larkana"
"Saddar Bazaar","saddar-bazaar","larkana"
"Shahdadkot","shahdadkot","larkana"
"Station Road","station-road","larkana"
"VIP Road","vip-road","larkana"
"Warah","warah","larkana"
"Ahmad Pur Sial","ahmad-pur-sial","layyah"
"Chak Kalu","chak-kalu","layyah"
"Chaubara","chaubara","layyah"
"Chowk Sarwar Shaheed","chowk-sarwar-shaheed","layyah"
"Civil Lines","civil-lines","layyah"
"DG Khan Road","dg-khan-road","layyah"
"Fatehpur","fatehpur","layyah"
"Haji Abad","haji-abad","layyah"
"Jhang Road","jhang-road","layyah"
"Karor Lal Esan","karor-lal-esan","layyah"
"Kot Sultan","kot-sultan","layyah"
"Lala Zar","lala-zar","layyah"
"Model Town","model-town","layyah"
"Multan Road","multan-road","layyah"
"Muzaffargarh Road","muzaffargarh-road","layyah"
"Old City","old-city","layyah"
"Saddar Bazaar","saddar-bazaar","layyah"
"Sardar Pur","sardar-pur","layyah"
"Satellite Town","satellite-town","layyah"
"Wasti Janoobi","wasti-janoobi","layyah"
"Adda Machka","adda-machka","lodhran"
"Bahawalpur Road","bahawalpur-road","lodhran"
"Basti Malook","basti-malook","lodhran"
"Chak No. 108/ML","chak-no-108ml","lodhran"
"Chak No. 444/EB","chak-no-444eb","lodhran"
"Chowk Azam","chowk-azam","lodhran"
"Chowk Qureshi","chowk-qureshi","lodhran"
"Civil Lines","civil-lines","lodhran"
"Dunyapur","dunyapur","lodhran"
"Jalalpur Pirwala","jalalpur-pirwala","lodhran"
"Kahror Pacca","kahror-pacca","lodhran"
"Khudian","khudian","lodhran"
"Mian Di Hatti","mian-di-hatti","lodhran"
"Model Town","model-town","lodhran"
"Multan Road","multan-road","lodhran"
"Railway Road","railway-road","lodhran"
"Saddar Bazaar","saddar-bazaar","lodhran"
"Satellite Town","satellite-town","lodhran"
"Sito Gunno","sito-gunno","lodhran"
"Tibba Sultan Pur","tibba-sultan-pur","lodhran"
"Civil Lines","civil-lines","mandi-bahauddin"
"GT Road","gt-road","mandi-bahauddin"
"Gujrat Road","gujrat-road","mandi-bahauddin"
"Hiran Minar","hiran-minar","mandi-bahauddin"
"Kot Asadullah","kot-asadullah","mandi-bahauddin"
"Kuthiala Sheikhan","kuthiala-sheikhan","mandi-bahauddin"
"Lala Musa Road","lala-musa-road","mandi-bahauddin"
"Malakwal","malakwal","mandi-bahauddin"
"Malikwal","malikwal","mandi-bahauddin"
"Model Town","model-town","mandi-bahauddin"
"Mohalla Sooter","mohalla-sooter","mandi-bahauddin"
"Pahrianwali","pahrianwali","mandi-bahauddin"
"Phalia","phalia","mandi-bahauddin"
"Qadirabad","qadirabad","mandi-bahauddin"
"Railway Road","railway-road","mandi-bahauddin"
"Rasul","rasul","mandi-bahauddin"
"Saddar Bazaar","saddar-bazaar","mandi-bahauddin"
"Satellite Town","satellite-town","mandi-bahauddin"
"Shah Jewna","shah-jewna","mandi-bahauddin"
"Wasu","wasu","mandi-bahauddin"
"Abbottabad Road","abbottabad-road","mansehra"
"Baffa","baffa","mansehra"
"Balakot","balakot","mansehra"
"Battal","battal","mansehra"
"Chattar Kalas","chattar-kalas","mansehra"
"City Area","city-area","mansehra"
"Civil Lines","civil-lines","mansehra"
"Dhodial","dhodial","mansehra"
"Ghazikot","ghazikot","mansehra"
"Ichrian","ichrian","mansehra"
"Jabori","jabori","mansehra"
"Kaghan","kaghan","mansehra"
"KKH","kkh","mansehra"
"Naran","naran","mansehra"
"Oghi","oghi","mansehra"
"Paras","paras","mansehra"
"Saddar Bazaar","saddar-bazaar","mansehra"
"Sherwan","sherwan","mansehra"
"Shinkiari","shinkiari","mansehra"
"Talhata","talhata","mansehra"
"Chamkani","chamkani","mardan"
"Civil Lines","civil-lines","mardan"
"GT Road","gt-road","mardan"
"Gujar Ghari","gujar-ghari","mardan"
"Gujjar Garhi","gujjar-garhi","mardan"
"Hoti","hoti","mardan"
"Jalala","jalala","mardan"
"Kalu Khan","kalu-khan","mardan"
"Katlang","katlang","mardan"
"Lundkhwar","lundkhwar","mardan"
"Manga","manga","mardan"
"Mayar","mayar","mardan"
"Nowshera Road","nowshera-road","mardan"
"Peshawar Road","peshawar-road","mardan"
"Rustam","rustam","mardan"
"Saddar Bazaar","saddar-bazaar","mardan"
"Sheikh Maltoon Town","sheikh-maltoon-town","mardan"
"Shergarh","shergarh","mardan"
"Swabi Road","swabi-road","mardan"
"Takht Bhai","takht-bhai","mardan"
"Bhakkar Road","bhakkar-road","mianwali"
"Chashma","chashma","mianwali"
"Civil Lines","civil-lines","mianwali"
"Darra Tang","darra-tang","mianwali"
"Daudkhel","daudkhel","mianwali"
"Gulan Khel","gulan-khel","mianwali"
"Isa Khel","isa-khel","mianwali"
"Kalabagh","kalabagh","mianwali"
"Kalor","kalor","mianwali"
"Kundian","kundian","mianwali"
"Mari Indus","mari-indus","mianwali"
"Model Town","model-town","mianwali"
"Musa Khel","musa-khel","mianwali"
"Naushehra Virkan","naushehra-virkan","mianwali"
"Piplan","piplan","mianwali"
"Rokhri","rokhri","mianwali"
"Saddar Bazaar","saddar-bazaar","mianwali"
"Sargodha Road","sargodha-road","mianwali"
"Satellite Town","satellite-town","mianwali"
"Wan Bachran","wan-bachran","mianwali"
"Allama Iqbal Road","allama-iqbal-road","mirpur"
"Chaksawari","chaksawari","mirpur"
"Chakswari","chakswari","mirpur"
"City Area","city-area","mirpur"
"Civil Lines","civil-lines","mirpur"
"Dadyal","dadyal","mirpur"
"Industrial Area","industrial-area","mirpur"
"Islamgarh","islamgarh","mirpur"
"Jatlan","jatlan","mirpur"
"Khari Sharif","khari-sharif","mirpur"
"Mall Road","mall-road","mirpur"
"Mangla","mangla","mirpur"
"Model Town","model-town","mirpur"
"New Mirpur City","new-mirpur-city","mirpur"
"Old Mirpur City","old-mirpur-city","mirpur"
"Pind Hashim Khan","pind-hashim-khan","mirpur"
"Saddar Bazaar","saddar-bazaar","mirpur"
"Satellite Town","satellite-town","mirpur"
"Sector E","sector-e","mirpur"
"Sector F","sector-f","mirpur"
"Bahawalpur Road","bahawalpur-road","multan"
"Bosan Road","bosan-road","multan"
"Bosan Road","multan-bosan-road","multan"
"Cantt","multan-cantt","multan"
"Cantt","cantt","multan"
"Chowk Kumharanwala","chowk-kumharanwala","multan"
"Chungi No. 9","chungi-no-9","multan"
"Gulgasht","multan-gulgasht","multan"
"Gulgasht Colony","gulgasht-colony","multan"
"Hussain Agahi","hussain-agahi","multan"
"Masoom Shah","masoom-shah","multan"
"MDA Chowk","mda-chowk","multan"
"Model Town","model-town","multan"
"Mumtazabad","mumtazabad","multan"
"New Multan","new-multan","multan"
"Qasim Bela","qasim-bela","multan"
"Qutabpur","qutabpur","multan"
"Shah Rukn-e-Alam","shah-rukn-e-alam","multan"
"Shah Shams","shah-shams","multan"
"Sher Shah Road","sher-shah-road","multan"
"Shershah Colony","shershah-colony","multan"
"Suraj Miani","suraj-miani","multan"
"Vehari Chowk","vehari-chowk","multan"
"Ambore","ambore","muzaffarabad"
"Chattar Domail","chattar-domail","muzaffarabad"
"Chella Bandi","chella-bandi","muzaffarabad"
"Dhani Bombian","dhani-bombian","muzaffarabad"
"Garhi Dopatta","garhi-dopatta","muzaffarabad"
"Jhelum Valley Road","jhelum-valley-road","muzaffarabad"
"Kohala","kohala","muzaffarabad"
"Kundal Shahi","kundal-shahi","muzaffarabad"
"Lower Chattar","lower-chattar","muzaffarabad"
"Mill Market","mill-market","muzaffarabad"
"Model Town","model-town","muzaffarabad"
"Naluchi","naluchi","muzaffarabad"
"Nojumi","nojumi","muzaffarabad"
"Pattika","pattika","muzaffarabad"
"Rangla","rangla","muzaffarabad"
"River View","river-view","muzaffarabad"
"Saddar","saddar","muzaffarabad"
"Secretariat Area","secretariat-area","muzaffarabad"
"Shajehan Valley","shajehan-valley","muzaffarabad"
"Upper Chattar","upper-chattar","muzaffarabad"
"Alipur","alipur","muzaffargarh"
"Basti Dosa","basti-dosa","muzaffargarh"
"Basti Malook","basti-malook","muzaffargarh"
"Chowk Munda","chowk-munda","muzaffargarh"
"Chowk Qureshi","chowk-qureshi","muzaffargarh"
"Chowk Sarwar Shaheed","chowk-sarwar-shaheed","muzaffargarh"
"Civil Lines","civil-lines","muzaffargarh"
"DG Khan Road","dg-khan-road","muzaffargarh"
"Jatoi","jatoi","muzaffargarh"
"Jhang Road","jhang-road","muzaffargarh"
"Khangarh","khangarh","muzaffargarh"
"Kot Addu","kot-addu","muzaffargarh"
"Layyah Road","layyah-road","muzaffargarh"
"Mehmood Kot","mehmood-kot","muzaffargarh"
"Model Town","model-town","muzaffargarh"
"Moza Kot Sultan","moza-kot-sultan","muzaffargarh"
"Multan Road","multan-road","muzaffargarh"
"Saddar Bazaar","saddar-bazaar","muzaffargarh"
"Satellite Town","satellite-town","muzaffargarh"
"Sitpur","sitpur","muzaffargarh"
"Ahmad Nagar","ahmad-nagar","narowal"
"Alipur Chatha","alipur-chatha","narowal"
"Baddo Malhi","baddo-malhi","narowal"
"Chak Amru","chak-amru","narowal"
"Charwa","charwa","narowal"
"Civil Lines","civil-lines","narowal"
"Darman","darman","narowal"
"GT Road","gt-road","narowal"
"Kalaswala","kalaswala","narowal"
"Kot Noor Muhammad","kot-noor-muhammad","narowal"
"Kotli Loharan","kotli-loharan","narowal"
"Model Town","model-town","narowal"
"Noor Kot","noor-kot","narowal"
"Pasrur Road","pasrur-road","narowal"
"Railway Road","railway-road","narowal"
"Saddar Bazaar","saddar-bazaar","narowal"
"Satellite Town","satellite-town","narowal"
"Shakargarh","shakargarh","narowal"
"Sialkot Road","sialkot-road","narowal"
"Zafarwal","zafarwal","narowal"
"Akora Khattak","akora-khattak","nowshera"
"Amangarh","amangarh","nowshera"
"Cantt Area","cantt-area","nowshera"
"Cherat","cherat","nowshera"
"Civil Lines","civil-lines","nowshera"
"GT Road","gt-road","nowshera"
"Hakimabad","hakimabad","nowshera"
"Jehangira","jehangira","nowshera"
"Kabul River Road","kabul-river-road","nowshera"
"Khairabad","khairabad","nowshera"
"Mardan Road","mardan-road","nowshera"
"New City","new-city","nowshera"
"Nizampur","nizampur","nowshera"
"Nowshera Cantt","nowshera-cantt","nowshera"
"Old City","old-city","nowshera"
"Pabbi","pabbi","nowshera"
"Peshawar Road","peshawar-road","nowshera"
"Risalpur","risalpur","nowshera"
"Saddar Bazaar","saddar-bazaar","nowshera"
"Taru Jabba","taru-jabba","nowshera"
"Basirpur","basirpur","okara"
"Cantt Area","cantt-area","okara"
"Chuchak","chuchak","okara"
"Civil Lines","civil-lines","okara"
"Depalpur","depalpur","okara"
"Dipalpur Road","dipalpur-road","okara"
"Faisalabad Road","faisalabad-road","okara"
"Gogera","gogera","okara"
"GT Road","gt-road","okara"
"Hujra Shah Muqeem","hujra-shah-muqeem","okara"
"Mandi Ahmadabad","mandi-ahmadabad","okara"
"Military Farms","military-farms","okara"
"Model Town","model-town","okara"
"Railway Colony","railway-colony","okara"
"Renala Khurd","renala-khurd","okara"
"Saddar Bazaar","saddar-bazaar","okara"
"Sahiwal Road","sahiwal-road","okara"
"Satellite Town","satellite-town","okara"
"Shergarh","shergarh","okara"
"The Mall","the-mall","okara"
"Ahmad Pur Sial","ahmad-pur-sial","pakpattan"
"Arifwala","arifwala","pakpattan"
"Bazar Bagh Langah","bazar-bagh-langah","pakpattan"
"Bazar Sheikh Farid","bazar-sheikh-farid","pakpattan"
"Burewala Road","burewala-road","pakpattan"
"Chak Kamal","chak-kamal","pakpattan"
"Chak No. 37/EB","chak-no-37eb","pakpattan"
"Chak No. 72/EB","chak-no-72eb","pakpattan"
"Civil Lines","civil-lines","pakpattan"
"Galla Mandi","galla-mandi","pakpattan"
"Haveli Lakha","haveli-lakha","pakpattan"
"Kalaswala","kalaswala","pakpattan"
"Malka Hans","malka-hans","pakpattan"
"Model Town","model-town","pakpattan"
"Okara Road","okara-road","pakpattan"
"Qasba Gujrat","qasba-gujrat","pakpattan"
"Railway Road","railway-road","pakpattan"
"Saddar Bazaar","saddar-bazaar","pakpattan"
"Sahiwal Road","sahiwal-road","pakpattan"
"Satellite Town","satellite-town","pakpattan"
"Bonistan","bonistan","panjgur"
"Chitkan","chitkan","panjgur"
"City Area","city-area","panjgur"
"Civil Lines","civil-lines","panjgur"
"Gichk","gichk","panjgur"
"Gowargo","gowargo","panjgur"
"Gresha","gresha","panjgur"
"Hospital Road","hospital-road","panjgur"
"Khudabadan","khudabadan","panjgur"
"Main Bazaar","main-bazaar","panjgur"
"Nag","nag","panjgur"
"New Town","new-town","panjgur"
"Old Town","old-town","panjgur"
"Parom","parom","panjgur"
"Quetta Road","quetta-road","panjgur"
"Rakhshan Valley","rakhshan-valley","panjgur"
"Saddar Bazaar","saddar-bazaar","panjgur"
"Shorawd","shorawd","panjgur"
"Turbat Road","turbat-road","panjgur"
"Washbood","washbood","panjgur"
"Abdara Road","abdara-road","peshawar"
"Bara","bara","peshawar"
"Board","board","peshawar"
"Cantt","peshawar-cantt","peshawar"
"Cantt","cantt","peshawar"
"Chowk Yadgar","chowk-yadgar","peshawar"
"Dalazak Road","dalazak-road","peshawar"
"GT Road","gt-road","peshawar"
"Gulbahar","gulbahar","peshawar"
"Hayatabad","hayatabad","peshawar"
"Hayatabad","peshawar-hayatabad","peshawar"
"Jamrud","jamrud","peshawar"
"Karkhano Market","karkhano-market","peshawar"
"Khyber Road","khyber-road","peshawar"
"Kohat Road","kohat-road","peshawar"
"Namak Mandi","namak-mandi","peshawar"
"Old City","old-city","peshawar"
"Pajagi","pajagi","peshawar"
"Qissa Khwani","qissa-khwani","peshawar"
"Ring Road","ring-road","peshawar"
"Saddar","saddar","peshawar"
"Shaheen Muslim Town","shaheen-muslim-town","peshawar"
"Shami Road","shami-road","peshawar"
"Tehkal","tehkal","peshawar"
"University Campus","university-campus","peshawar"
"University Town","peshawar-university-town","peshawar"
"University Town","university-town","peshawar"
"Warsak Road","warsak-road","peshawar"
"Airport Road","airport-road","quetta"
"Alamdar Road","alamdar-road","quetta"
"Baleli","baleli","quetta"
"Brewery Road","brewery-road","quetta"
"Cantonment","cantonment","quetta"
"Cantt","quetta-cantt","quetta"
"Chiltan","chiltan","quetta"
"Civil Lines","civil-lines","quetta"
"Double Road","double-road","quetta"
"Hazarganji","hazarganji","quetta"
"Jinnah Town","quetta-jinnah-town","quetta"
"Jinnah Town","jinnah-town","quetta"
"Killi Ismail","killi-ismail","quetta"
"Killi Qambrani","killi-qambrani","quetta"
"Kuchlak","kuchlak","quetta"
"Model Town","model-town","quetta"
"Nawa Killi","nawa-killi","quetta"
"Pashtunabad","pashtunabad","quetta"
"Pishin Stop","pishin-stop","quetta"
"Quetta City","quetta-city","quetta"
"Saddar","saddar","quetta"
"Samungli Road","samungli-road","quetta"
"Sariab Road","sariab-road","quetta"
"Satellite Town","satellite-town","quetta"
"Spini Road","spini-road","quetta"
"Western Bypass","western-bypass","quetta"
"Zarghoon Road","zarghoon-road","quetta"
"Adiala Road","adiala-road","rawalpindi"
"Bahria Town","bahria-town","rawalpindi"
"Bahria Town","rawalpindi-bahria-town","rawalpindi"
"Cantt","rawalpindi-cantt","rawalpindi"
"Chaklala","rawalpindi-chaklala","rawalpindi"
"Chaklala","chaklala","rawalpindi"
"Committee Chowk","committee-chowk","rawalpindi"
"DHA Phase 1","rawalpindi-dha-phase-1","rawalpindi"
"DHA Rawalpindi","dha-rawalpindi","rawalpindi"
"Dhoke Khabba","dhoke-khabba","rawalpindi"
"Gujjar Khan","gujjar-khan","rawalpindi"
"Islamabad Highway","islamabad-highway","rawalpindi"
"Kahuta","kahuta","rawalpindi"
"Kallar Syedan","kallar-syedan","rawalpindi"
"Murree","murree","rawalpindi"
"Pirwadhai","pirwadhai","rawalpindi"
"PWD","pwd","rawalpindi"
"Raja Bazaar","raja-bazaar","rawalpindi"
"Rawal Road","rawal-road","rawalpindi"
"Saddar","saddar","rawalpindi"
"Satellite Town","satellite-town","rawalpindi"
"Taxila","taxila","rawalpindi"
"Tench Bhatta","tench-bhatta","rawalpindi"
"Westridge","westridge","rawalpindi"
"Adda Gogera","adda-gogera","sahiwal"
"Amin Town","amin-town","sahiwal"
"Arain Colony","arain-colony","sahiwal"
"Arifwala","arifwala","sahiwal"
"Chichawatni","chichawatni","sahiwal"
"City Road","city-road","sahiwal"
"Civil Lines","civil-lines","sahiwal"
"Farid Town","farid-town","sahiwal"
"Harappa","harappa","sahiwal"
"High Street","high-street","sahiwal"
"Jail Road","jail-road","sahiwal"
"Khan Pur","khan-pur","sahiwal"
"Model Town","model-town","sahiwal"
"Multan Road","multan-road","sahiwal"
"Okara Road","okara-road","sahiwal"
"Pakpattan Road","pakpattan-road","sahiwal"
"Qadirabad","qadirabad","sahiwal"
"Railway Road","railway-road","sahiwal"
"Saddar","saddar","sahiwal"
"University Road","university-road","sahiwal"
"Cantt","sargodha-cantt","sargodha"
"Model Town","sargodha-model-town","sargodha"
"Bhikhi","bhikhi","sheikhupura"
"Bucheki","bucheki","sheikhupura"
"Civil Lines","civil-lines","sheikhupura"
"Farooqabad","farooqabad","sheikhupura"
"Ferozewala","ferozewala","sheikhupura"
"GT Road","gt-road","sheikhupura"
"Hamza Town","hamza-town","sheikhupura"
"Jahangir Colony","jahangir-colony","sheikhupura"
"Khanqah Dogran","khanqah-dogran","sheikhupura"
"Kot Abdul Malik","kot-abdul-malik","sheikhupura"
"Mangtanwala","mangtanwala","sheikhupura"
"Model Town","model-town","sheikhupura"
"Muridke","muridke","sheikhupura"
"Pindi Bhattian","pindi-bhattian","sheikhupura"
"Railway Road","railway-road","sheikhupura"
"Safdarabad","safdarabad","sheikhupura"
"Satellite Town","satellite-town","sheikhupura"
"Shahkot","shahkot","sheikhupura"
"Sharaqpur","sharaqpur","sheikhupura"
"Warburton","warburton","sheikhupura"
"Abad","abad","shikarpur"
"Chakar Khan","chakar-khan","shikarpur"
"Civil Lines","civil-lines","shikarpur"
"Garhi Yasin","garhi-yasin","shikarpur"
"Jacobabad Road","jacobabad-road","shikarpur"
"Khair Muhammad Jalbani","khair-muhammad-jalbani","shikarpur"
"Khanpur","khanpur","shikarpur"
"Khanpur Mahar","khanpur-mahar","shikarpur"
"Lakhi","lakhi","shikarpur"
"Lakhi Road","lakhi-road","shikarpur"
"Madeji","madeji","shikarpur"
"Medical Road","medical-road","shikarpur"
"Mian Sahib Colony","mian-sahib-colony","shikarpur"
"New Faujdari","new-faujdari","shikarpur"
"Pir Jo Goth","pir-jo-goth","shikarpur"
"Rustam","rustam","shikarpur"
"Saddar Bazaar","saddar-bazaar","shikarpur"
"Station Road","station-road","shikarpur"
"Sukkur Road","sukkur-road","shikarpur"
"Sultan Kot","sultan-kot","shikarpur"
"Cantt","sialkot-cantt","sialkot"
"Model Town","sialkot-model-town","sialkot"
"Airport Road","airport-road","skardu"
"Baltistan Road","baltistan-road","skardu"
"City Area","city-area","skardu"
"Gamba","gamba","skardu"
"Hussainabad","hussainabad","skardu"
"K2 Chowk","k2-chowk","skardu"
"Khaplu Road","khaplu-road","skardu"
"Kharmang Road","kharmang-road","skardu"
"KKH Road","kkh-road","skardu"
"Mehdi Abad","mehdi-abad","skardu"
"Naya Bazar","naya-bazar","skardu"
"New Town","new-town","skardu"
"Old Town","old-town","skardu"
"Olding","olding","skardu"
"Parkuta","parkuta","skardu"
"Saddar Bazaar","saddar-bazaar","skardu"
"Saling","saling","skardu"
"Satpara","satpara","skardu"
"Shigar Road","shigar-road","skardu"
"Yadgar","yadgar","skardu"
"Airport Road","airport-road","sukkur"
"Barrage Colony","barrage-colony","sukkur"
"City Area","city-area","sukkur"
"Civil Lines","civil-lines","sukkur"
"Garhi Tegho","garhi-tegho","sukkur"
"Jinnah Colony","jinnah-colony","sukkur"
"Labour Colony","labour-colony","sukkur"
"Lakhi","lakhi","sukkur"
"Minara Road","minara-road","sukkur"
"New Pind","new-pind","sukkur"
"New Sukkur","new-sukkur","sukkur"
"Pano Aqil","pano-aqil","sukkur"
"Pir Jo Goth","pir-jo-goth","sukkur"
"Rohri","rohri","sukkur"
"Saddar","saddar","sukkur"
"Saeedabad","saeedabad","sukkur"
"Saleh Pat","saleh-pat","sukkur"
"Shikarpur Road","shikarpur-road","sukkur"
"Station Road","station-road","sukkur"
"VIP Chowk","vip-chowk","sukkur"
"Ambar","ambar","swabi"
"Bamkhel","bamkhel","swabi"
"Chota Lahor","chota-lahor","swabi"
"Civil Lines","civil-lines","swabi"
"Dagai","dagai","swabi"
"Gadoon Amazai","gadoon-amazai","swabi"
"Jhanda","jhanda","swabi"
"Kalu Khan","kalu-khan","swabi"
"Maneri","maneri","swabi"
"Mardan Road","mardan-road","swabi"
"Peshawar Road","peshawar-road","swabi"
"Razaar","razaar","swabi"
"Razar","razar","swabi"
"Saddar Bazaar","saddar-bazaar","swabi"
"Shewa","shewa","swabi"
"Thandkoi","thandkoi","swabi"
"Topi","topi","swabi"
"Tordher","tordher","swabi"
"Yar Hussain","yar-hussain","swabi"
"Zaida","zaida","swabi"
"Agri Colony","agri-colony","tando-adam"
"Bulri Shah Karim","bulri-shah-karim","tando-adam"
"Chamber","chamber","tando-adam"
"City Area","city-area","tando-adam"
"Civil Lines","civil-lines","tando-adam"
"Hyderabad Road","hyderabad-road","tando-adam"
"Jubilee Colony","jubilee-colony","tando-adam"
"Mirpurkhas Road","mirpurkhas-road","tando-adam"
"Model Colony","model-colony","tando-adam"
"Nasarpur Road","nasarpur-road","tando-adam"
"Saddar Bazaar","saddar-bazaar","tando-adam"
"Sanghar Road","sanghar-road","tando-adam"
"Sinjhoro","sinjhoro","tando-adam"
"Station Road","station-road","tando-adam"
"Tando Ghulam Hyder Road","tando-ghulam-hyder-road","tando-adam"
"Agricultural Colony","agricultural-colony","tando-allahyar"
"Badin Road","badin-road","tando-allahyar"
"Bulri Road","bulri-road","tando-allahyar"
"Chamber Road","chamber-road","tando-allahyar"
"City Area","city-area","tando-allahyar"
"Civil Lines","civil-lines","tando-allahyar"
"Hyderabad Road","hyderabad-road","tando-allahyar"
"Jhando Mari","jhando-mari","tando-allahyar"
"Mirpurkhas Road","mirpurkhas-road","tando-allahyar"
"Nasarpur","nasarpur","tando-allahyar"
"Railway Road","railway-road","tando-allahyar"
"Saddar Bazaar","saddar-bazaar","tando-allahyar"
"Station Area","station-area","tando-allahyar"
"Taluka Hospital Area","taluka-hospital-area","tando-allahyar"
"Tando Ghulam Hyder","tando-ghulam-hyder","tando-allahyar"
"Adenzai","adenzai","timergara"
"Asbanr","asbanr","timergara"
"Balambat","balambat","timergara"
"Barawal","barawal","timergara"
"Chakdara","chakdara","timergara"
"City Area","city-area","timergara"
"Civil Lines","civil-lines","timergara"
"Dir Road","dir-road","timergara"
"Hospital Road","hospital-road","timergara"
"Khal","khal","timergara"
"Khar","khar","timergara"
"Lal Qila","lal-qila","timergara"
"Main Bazaar","main-bazaar","timergara"
"Mayar","mayar","timergara"
"Munda","munda","timergara"
"Peshawar Road","peshawar-road","timergara"
"Rabat","rabat","timergara"
"Saddar Bazaar","saddar-bazaar","timergara"
"Samarbagh","samarbagh","timergara"
"Talash","talash","timergara"
"Airport Road","airport-road","turbat"
"Balochabad","balochabad","turbat"
"Buleda","buleda","turbat"
"Civil Lines","civil-lines","turbat"
"Dasht","dasht","turbat"
"Gokprosh","gokprosh","turbat"
"Hoshab","hoshab","turbat"
"Hospital Road","hospital-road","turbat"
"Kech Valley","kech-valley","turbat"
"Mand","mand","turbat"
"New Town","new-town","turbat"
"Old Town","old-town","turbat"
"Pidarak","pidarak","turbat"
"Saddar Bazaar","saddar-bazaar","turbat"
"Shapuk","shapuk","turbat"
"Tump","tump","turbat"
"Turbat City","turbat-city","turbat"
"University Road","university-road","turbat"
"Zamran","zamran","turbat"
"Zamuran","zamuran","turbat"
"Chhor","chhor","umerkot"
"City Area","city-area","umerkot"
"Civil Lines","civil-lines","umerkot"
"Daharki Road","daharki-road","umerkot"
"Dhoro Naro","dhoro-naro","umerkot"
"Hindoo Para","hindoo-para","umerkot"
"Hospital Road","hospital-road","umerkot"
"Islamkot","islamkot","umerkot"
"Khipro Road","khipro-road","umerkot"
"Kunri","kunri","umerkot"
"Mirpurkhas Road","mirpurkhas-road","umerkot"
"Naukot","naukot","umerkot"
"New Town","new-town","umerkot"
"Old Town","old-town","umerkot"
"Pithoro","pithoro","umerkot"
"Saddar Bazaar","saddar-bazaar","umerkot"
"Samaro","samaro","umerkot"
"Station Road","station-road","umerkot"
"Tando Allahyar Road","tando-allahyar-road","umerkot"
"Viran Wah","viran-wah","umerkot"
"Adda Baloch Wala","adda-baloch-wala","vehari"
"Adda Bodla","adda-bodla","vehari"
"Adda Gaga","adda-gaga","vehari"
"Bahawalpur Road","bahawalpur-road","vehari"
"Burewala","burewala","vehari"
"Chak 107/WB","chak-107wb","vehari"
"Chak 33/WB","chak-33wb","vehari"
"Chowk Maitla","chowk-maitla","vehari"
"Civil Lines","civil-lines","vehari"
"Dunyapur","dunyapur","vehari"
"Garha Mor","garha-mor","vehari"
"Jalalpur Pirwala","jalalpur-pirwala","vehari"
"Khairpur Tamewali","khairpur-tamewali","vehari"
"Luddan","luddan","vehari"
"Mailsi","mailsi","vehari"
"Model Town","model-town","vehari"
"Multan Road","multan-road","vehari"
"Saddar Bazaar","saddar-bazaar","vehari"
"Satellite Town","satellite-town","vehari"
"Tibba Sultan Pur","tibba-sultan-pur","vehari"